"","name","price","rating"
"1","Indiana Jones and the Dial of Destiny","$19.99","4.0star"
"2","Meg 2: The Trench","$19.99","4.0star"
"3","The Last Voyage Of The Demeter","$19.99","4.0star"
"4","The Boogeyman","$14.99","4.0star"
"5","The Baker","$5.99","4.0star"
"6","The Pod Generation","$6.99","4.0star"
"7","The Other Kids","$3.99","4.0star"
"8","The Taking","$3.99","4.0star"
"9","Quicksand (2023)","$6.99","4.0star"
"10","Til Death Do Us Part","$5.99","4.0star"
"11","God's Country Song","$3.99","4.0star"
"12","Final Summer","$3.99","4.0star"
"13","Space Kids","$3.99","4.0star"
"14","Golda","$19.99","4.0star"
"15","The Swan Princess:  Far Longer Than Forever","$5.99","4.0star"
"16","Black Kasper : Da Bootleg Project Live","$3.99","4.0star"
"17","Contact with Aliens: Abductions, Conspiracy and Deception","$3.99","4.0star"
"18","Sick","$5.99","4.0star"
"19","Beaten to Death","$3.99","4.0star"
"20","Beneath Us All","$3.99","4.0star"
"21","No Hard Feelings","$5.99","4.0star"
"22","Spider-Man: Across the Spider-Verse","$5.99","4.0star"
"23","Elemental","$19.99","4.0star"
"24","John Wick: Chapter 4","$5.99","4.0star"
"25","The Super Mario Bros. Movie","$5.99","4.0star"
"26","Transformers: Rise of the Beasts","$5.99","4.0star"
"27","Indiana Jones and the Dial of Destiny","$19.99","4.0star"
"28","Meg 2: The Trench","$19.99","4.0star"
"29","The Flash","$5.99","4.0star"
"30","Fast X","$5.99","4.0star"
"31","The Last Voyage Of The Demeter","$19.99","4.0star"
"32","Insidious: The Red Door","$5.99","4.0star"
"33","Cobweb","$5.99","4.0star"
"34","The Little Mermaid","$5.99","4.0star"
"35","Guy Ritchie's The Covenant","$5.99","4.0star"
"36","Sisu","$5.99","4.0star"
"37","Kandahar (2023)","$5.99","4.0star"
"38","The Boogeyman","$14.99","4.0star"
"39","The Blackening","$5.99","4.0star"
"40","Ruby Gillman, Teenage Kraken","$19.99","4.0star"
"41","The Flash","$9.99","4.0star"
"42","The Pope's Exorcist","$4.99","4.0star"
"43","Me Before You","$9.99","4.0star"
"44","Asteroid City","$9.99","4.0star"
"45","Dragon Ball Super: Super Hero","$3.99","4.0star"
"46","Hypnotic","$14.99","4.0star"
"47","John Wick: Chapter 4","$12.99","4.0star"
"48","The Black Demon","$7.99","4.0star"
"49","Operation Fortune: Ruse de guerre","$12.99","4.0star"
"50","The Batman","$7.99","4.0star"
"51","PAW Patrol: The Movie","$4.99","4.0star"
"52","The Lord of the Rings: The Fellowship of the Ring","$7.99","4.0star"
"53","The Dark Knight","$7.99","4.0star"
"54","My Sister's Keeper (2009)","$9.99","4.0star"
"55","River Wild","$7.99","4.0star"
"56","Top Gun","$4.99","4.0star"
"57","The Social Network","$4.99","4.0star"
"58","Zack Snyder's Justice League","$7.99","4.0star"
"59","The Phantom of the Opera (2004)","$9.99","4.0star"
"60","Joker","$7.99","4.0star"
"61","Mob Land","$19.99","4.0star"
"62","The Dive","$6.99","4.0star"
"63","Lakota Nation vs. United States","$3.99","4.0star"
"64","On the Trail of Bigfoot: Land of the Missing","$3.99","4.0star"
"65","Wolf Pack","$3.99","4.0star"
"66","Deltopia","$5.99","4.0star"
"67","Meg 2: The Trench","$19.99","4.0star"
"68","The Baker","$5.99","4.0star"
"69","The Pod Generation","$6.99","4.0star"
"70","The Purpose of Capitalism: Lessons from Japan","$3.99","4.0star"
"71","The List","$5.99","4.0star"
"72","The Admirer","$3.99","4.0star"
"73","Tayuan","$3.99","4.0star"
"74","Bank of Dave","$6.99","4.0star"
"75","Hilom","$3.99","4.0star"
"76","That's a Wrap","$3.99","4.0star"
"77","Don't Come Back Alive","$3.99","4.0star"
"78","The End of Sex","$1.99","4.0star"
"79","Millie Lies Low","$3.99","4.0star"
"80","Crown in Crisis: Death","$3.99","4.0star"
"81","River Wild","$7.99","4.0star"
"82","Earth Mama","$9.99","4.0star"
"83","Ready, Jet, Go! Space Camp: The Movie","$7.99","4.0star"
"84","The Flash","$9.99","4.0star"
"85","Asteroid City","$9.99","4.0star"
"86","The Pope's Exorcist","$2.99","4.0star"
"87","Hypnotic","$4.99","4.0star"
"88","Alarmed","$0.99","4.0star"
"89","Sightless","$0.99","4.0star"
"90","Dirty Little Deeds","$0.99","4.0star"
"91","Grand Illusion","$0.99","4.0star"
"92","Going for Gold","$0.99","4.0star"
"93","Dancing at the Blue Iguana","$0.99","4.0star"
"94","Black Hearted Killer","$0.99","4.0star"
"95","Hostage House","$0.99","4.0star"
